dbscan_label,성인_아침_유동인구,성인_점심_유동인구,성인_저녁_유동인구
0,155873.61306532664,173272.04271356785,175789.9283919598
1,617793.75,958848.5,887700.0
