kmeans_label,미성년_아침_유동인구,미성년_점심_유동인구,미성년_저녁_유동인구
0,3119.0627020038783,7946.41628959276,4614.844861021332
1,13667.315789473685,41482.68421052631,30773.385964912282
