dbscan_label,노인_아침_유동인구,노인_점심_유동인구,노인_저녁_유동인구
0,30431.579310344827,60267.230721003136,16809.6670846395
1,36358.88888888889,297351.77777777775,112610.33333333333
