kmeans_label,총유동인구
0,469251.21719109744
1,1424804.6943521595
